source,pitch_std,mean_wpm
[앵커의 마침표]‘공정’은 보편적 가치 ｜ 뉴스A [7hgKaTqL7TI].wav,62.115,146.40286023063504
[앵커의 마침표]K방역 오답 노트 ｜ 뉴스A [HHvTBio8IoU].wav,58.828,117.38670855594292
"[앵커의 마침표]AI 동맹, 깃발 오르길 ⧸ 채널A ⧸ 뉴스A [2pzPi4ot-zI].wav",72.873,116.35808744785795
[앵커의 마침표]5년을 쏟아부은 승리 ｜ 뉴스A [ZxexnUW-Cjw].wav,65.831,100.493312381207
[앵커의 마침표]4년 전 교훈 잊지 말아야 ｜ 뉴스A [-KrofRIYHT4].wav,57.388,116.0988850159673
"[앵커의 마침표]300개의 초심, 변치 말길 ｜ 뉴스A [NvloEn2VTE0].wav",69.401,128.02485607000708
[앵커의 마침표]2년째 희망고문 ｜ 뉴스A [UvL3_Z7xCVc].wav,70.741,152.46922941791252
[앵커의 마침표]121명 누구십니까？ ｜ 뉴스A [MM-hfswughc].wav,64.279,125.32068209707728
[앵커의 마침표] 애들 볼까 민망한 _불량_ 교육감 선거  ⧸ 채널A #shorts [vqkfBwJYWnk].wav,42.385,128.7255230020752
[앵커의 마침표]“내면 받는다” 신뢰가 개혁 ⧸ 채널A ⧸ 뉴스A [W_1K1Q5DuC8].wav,67.533,134.12386756571237
[앵커의 마침표]“교사가 살아야 학교가 산다.” ｜ 뉴스A [bXNjRfkW7bk].wav,48.494,128.854902061718
"[앵커의 마침표]“고맙습니다, 사랑합니다.” ｜ 뉴스A [xSN_Li97X88].wav",52.138,126.78319143916626
[앵커의 마침표]“가족끼리도 알잘딱깔센” ｜ 뉴스A [qVpNukAfaLI].wav,68.957,112.1827581933773
[앵커의 마침표]“가슴이 무너져 내린다” ｜ 뉴스A [g_5ZkcbM7eo].wav,59.131,129.6472332702716
[앵커의 마침표]‘취재가 시작되자’ 뉴스의 출발 ｜ 뉴스A [5PVu34JkvGo].wav,76.811,105.12284304426792
[앵커의 마침표]‘제2의 공수처’ 될라 ｜ 뉴스A [X02P2DbFUaU].wav,56.248,136.8928902743712
[앵커의 마침표]‘양치기 소년’ 정점 ｜ 뉴스A [T1hRFACNZ_0].wav,69.204,119.89797495777869
[앵커의 마침표]‘무사고’ 총선 ｜ 뉴스A [gcZcIdOIjJU].wav,66.682,100.32356365176182
[앵커의 마침표]‘무례’를 말하기 전에 ｜ 뉴스A [AEIjWGJg1us].wav,56.697,97.9749420242276
[앵커의 마침표]‘만사소통’ 대통령 ｜ 뉴스A [IWYOIgI9zX8].wav,58.743,122.3810455332542
[앵커의 마침표]“최악을 막는 것은 여전히 가능한 일” ｜ 뉴스A [T9T1RCswq5E].wav,62.647,135.50449371888254
[앵커의 마침표]“정치 다툼에 차례상 뒤집어질라” ｜ 뉴스A [5lNemSUmgME].wav,67.867,96.51590732702886
[앵커의 마침표]“전쟁을 멈춰라” ｜ 뉴스A [UdvI3_7-ryo].wav,56.152,107.01954425365564
"[앵커의 마침표]“재앙, 알고도 당할 순 없다.” ｜ 뉴스A [A2dP65MkRWY].wav",45.7,105.17076717600824
[앵커의 마침표]“일하는 국회를 찾습니다.” ｜ 뉴스A [BNyvRBPecVI].wav,56.613,101.55620544889736
[앵커의 마침표]“일상이 된 만우절” ｜ 뉴스A [lKMNjZuUmo4].wav,55.637,97.99308711956604
[앵커의 마침표]“원한과 증오가 사라지길.” ｜ 뉴스A [VtYOdv4NScc].wav,46.129,92.87101128084892
[앵커의 마침표]“새해 복 많이 받으세요.” ｜ 뉴스A [DXJFt9SDIb8].wav,55.679,112.3365602636416
[앵커의 마침표]“박자는 생명” ｜ 뉴스A [AYS9DRwcMNc].wav,60.46,110.2060354619362
[앵커의 마침표]“민주주의에 대한 테러.” ｜ 뉴스A [GA66viPVEAw].wav,56.599,117.20541423660464
[앵커의 마침표]“맛있었어요. 따뜻하게 입고 다니세요” ｜ 뉴스A [DWUirhLjmMo].wav,61.181,167.7544182814117
[앵커의 마침표]“돈만 벌면 된다는 생각은 옳지 않다” ｜ 뉴스A [gj676Gfn1yA].wav,62.458,163.07498287301348
[앵커의 마침표]갈등의 치유 고민할 때 ⧸ 채널A ⧸ 뉴스A [GqkI3RByXfs].wav,69.006,147.56143525978084
[앵커의 마침표]갈등의 정치 끝내야 ⧸ 채널A ⧸ 뉴스A [0Qo7ffQUCYw].wav,68.252,122.8994712118298
[앵커의 마침표]갈등 대신 대화를 ⧸ 채널A ⧸ 뉴스A [q7dCqlYpaLw].wav,60.633,93.58167851624935
"[앵커의 마침표]간절하게, 송구영신 ⧸ 채널A ⧸ 특집 뉴스A [noGS1G25zIM].wav",52.26,123.62880773957689
[앵커의 마침표]가장 중요한 것은 민생 ｜ 뉴스A [WKEPc2U_mGA].wav,60.03,131.09449799766668
"[앵커의 마침표]가장 소중한 것, 안전 ｜ 뉴스A [2FoVcZMWLfo].wav",46.942,112.71362573649904
[앵커의 마침표]“황당무계하다” ｜ 뉴스A [aU1rIp2Q8zE].wav,62.909,107.64835330034448
"[앵커의 마침표]검은 유혹, 우리 아이 노린다 ｜ 뉴스A [oAgF3haRRW8].wav",68.29,116.98849541028902
[앵커의 마침표]거물 정치인 특별법？ ｜ 뉴스A [iicVgy1fDo8].wav,71.769,142.4143304608384
[앵커의 마침표]거꾸로 가는 대선 ｜ 뉴스A [zJDNitNUZ8A].wav,61.87,104.0955132620476
[앵커의 마침표]감정보다 국정이 우선 ⧸ 채널A ⧸ 뉴스A [KZTU8D8HyJU].wav,57.079,126.36217804120864
"[앵커의 마침표]감정 싸움, 한가하다 ⧸ 채널A ⧸ 뉴스A [5GUCXvyY-pQ].wav",58.256,161.92622286269295
[앵커의 마침표]감사원과 대통령의 거리 ｜ 뉴스A [R8hMLhehEi4].wav,53.135,87.27413339608577
"[앵커의 마침표]구멍 뚫린 군, 신뢰 잃었다 ｜ 뉴스A [vlNBdDz_RHE].wav",69.735,137.8162719022162
[앵커의 마침표]구멍 뚫린 국방 ⧸ 채널A ⧸ 뉴스A [qAqyoRvkIUM].wav,67.066,132.46534934724502
"[앵커의 마침표]공천의 기준, 국민의 눈높이 ｜ 뉴스A [Ll31hbyua_s].wav",70.906,128.6698440394602
[앵커의 마침표]공생 아닌 공멸 ｜ 뉴스A [OaSTbGUOyM4].wav,58.702,140.21843765190644
[앵커의 마침표]공권력 회복이 치안 회복 첫 걸음 ｜ 뉴스A [rfXg-oPV16E].wav,60.257,137.5115590509512
[앵커의 마침표]골든타임 놓치면 끝 ⧸ 채널A ⧸ 뉴스A [9vPaNg83zAs].wav,59.918,119.01359613740428
"[앵커의 마침표]계엄의 무게, 대통령은 답해야 ⧸ 채널A ⧸ 특집 뉴스A [iVat1uytGr8].wav",63.4,91.88192288396536
[앵커의 마침표]계산도 홍보도 엉터리 ｜ 뉴스A [fiIsS2-FqEM].wav,59.182,122.95412027596916
"[앵커의 마침표]경청하는 대통령, 그 약속 기억하길 ｜ 뉴스A [oxT1EkU-9os].wav",66.446,118.00780050742458
[앵커의 마침표]경제 간첩엔 무관용 ｜ 뉴스A [IP-GmMq60VU].wav,75.433,123.223477543514
[앵커의 마침표]결혼 장벽부터 낮춰야 ｜ 뉴스A [jZa-z5a-cCY].wav,60.375,140.4460493580975
[앵커의 마침표]겁 없는 무대책 ｜ 뉴스A [zbOArpEpSBc].wav,67.16,106.63603067514272
[앵커의 마침표]국민 잊은 만찬 ⧸ 채널A ⧸ 뉴스A [KXvbKKTz9S0].wav,66.99,137.22758144478277
[앵커의 마침표]국민 이기는 정치 없다 ｜ 뉴스A [PpuzI49YQKc].wav,61.369,120.6082978597754
[앵커의 마침표]국민 이기는 정치 없다 ｜ 뉴스A [6fWwOn2MpVM].wav,59.104,136.59114916873926
[앵커의 마침표]국민 없는 정치 ｜ 뉴스A [4eYkw5EPxjA].wav,49.424,107.47360411814871
[앵커의 마침표]국민 속인 경찰 ｜ 뉴스A [3VIRP4d7JUM].wav,65.9,121.61073774802044
[앵커의 마침표]국민 눈에 부끄럽지 않게 ｜ 뉴스A [g6MDIQ4upnY].wav,56.501,113.0418702264554
[앵커의 마침표]국민 건강이 먼저다 ｜ 뉴스A [BfOcB_tG0o8].wav,51.915,103.7889142223507
"[앵커의 마침표]국민의 일상, 국가가 지켜야 ｜ 뉴스A [0Kk680atnv8].wav",65.14,147.3058602023692
[앵커의 마침표]국민을 위한 정정당당한 경쟁 ｜ 뉴스A [JDAzPxZKFsQ].wav,65.787,119.224648555966
[앵커의 마침표]국민은 인질이 아니다 ｜ 뉴스A [Yk7dAJSVfAc].wav,61.004,140.26551988782052
[앵커의 마침표]국민보다 중요한 건 없다 ⧸ 채널A ⧸ 뉴스A [ZjOKIaugtyU].wav,58.617,147.61735566987548
[앵커의 마침표]국민만을 위한 예산안 ⧸ 채널A ⧸ 뉴스A [8jM-bsRJ_rQ].wav,62.968,110.70545390881146
[앵커의 마침표]국민 편안한 협치 ｜ 뉴스A [mjwO-u9ICZU].wav,63.698,97.26880918325476
[앵커의 마침표]권력 감시는 국민의 이익 ⧸ 채널A ⧸ 뉴스A [fSMTjbp4C9M].wav,72.91,149.83675450324847
"[앵커의 마침표]권력 감시, 예외는 없다 ｜ 뉴스A [N_jN5jVsPNw].wav",63.555,130.94486405146063
[앵커의 마침표]군주민수(君舟民水) ⧸ 채널A ⧸ 특집 뉴스A [hsdxM26c4dQ].wav,63.229,115.13979747259071
"[앵커의 마침표]국회만 예외, 무노동 무임금 ｜ 뉴스A [chQWPKlBacI].wav",72.384,340.2522219689505
[앵커의 마침표]국회가 탄핵감 ｜ 뉴스A [weLbnOJ_oQY].wav,73.214,124.0569714407036
[앵커의 마침표]국회 무관심도 공동책임 ｜ 뉴스A [3jMGEetnae4].wav,63.614,137.98735323756827
[앵커의 마침표]국정이 멈춘 날 ⧸ 채널A ⧸ 특집 뉴스A [5KkNYNB7c0Y].wav,58.135,156.6033425465551
[앵커의 마침표]국정보다 총선 ｜ 뉴스A [jchGrQcDgQg].wav,64.32,152.37671068808535
"[앵커의 마침표]국정 쇄신, 그 약속 지킬 때 ⧸ 채널A ⧸ 뉴스A [a015PSZSVLI].wav",69.241,131.32591256752715
[앵커의 마침표]국정 반전을 기대한다 ⧸ 채널A ⧸ 뉴스A [vuBM6wlivYU].wav,76.869,159.31898926619755
[앵커의 마침표]국민이 느낄 수 있게 ｜ 뉴스A [fWtCECVx-A4].wav,66.044,117.377777033854
[앵커의 마침표]국민이 납득해야 끝난다 ⧸ 채널A ⧸ 뉴스A [msqeK-PgZJ4].wav,71.348,87.54373556322977
[앵커의 마침표]날 풀리고 양심도 풀렸다 ｜ 뉴스A [Kxgjq2XfwTM].wav,61.071,109.01457279107495
"[앵커의 마침표]나의 선택, 대한민국을 바꾼다 ｜ 뉴스A [Dy7uQct7-HA].wav",69.484,131.16954152702206
[앵커의 마침표]나부터 혁신 ｜ 뉴스A [KrZuXsKxjnw].wav,66.081,145.50325402297585
[앵커의 마침표]나라가 멈춰선 안 된다 ⧸ 채널A ⧸ 특집 뉴스A [itDzPVpKRjw].wav,53.62,106.97090630188164
[앵커의 마침표]끝없는 비상 ⧸ 채널A ⧸ 뉴스A [41u6pE8SBSc].wav,57.653,147.72698840117812
[앵커의 마침표]꽃보다 아름다운 새출발 ｜ 뉴스A [Ianh8Pj_qGg].wav,66.251,123.65305678958823
[앵커의 마침표]꼼꼼하게 준비해서 적재적소에 ⧸ 채널A ⧸ 뉴스A [AQazOWDMz7M].wav,55.396,144.31205713864017
[앵커의 마침표]까딱하면 당합니다 ｜ 뉴스A [oR1IazGkDJY].wav,56.876,145.44197304025184
[앵커의 마침표]기본과 원칙 철저히 ⧸ 채널A ⧸ 특집 뉴스A [AMPfMc_7lCY].wav,60.581,130.76982249696871
[앵커의 마침표]기다릴 여유 없다 ⧸ 채널A ⧸ 특집 뉴스A [mZFP5O72TZA].wav,49.405,165.33514774595812
"[앵커의 마침표]그런 세상, 과연 행복할까요？ ｜ 뉴스A [hnLilzrxrd4].wav",64.928,103.90883145235316
[앵커의 마침표]그들만의 싸움 ｜ 뉴스A [NCv0X3wd1pk].wav,62.394,133.99527716317635
[앵커의 마침표]그 누구보다 큰 울림 ｜ 뉴스A [44kq31bfDe0].wav,52.152,100.40237293299508
[앵커의 마침표]뉴스만 봤어도 ｜ 뉴스A [44eGrgxHvng].wav,65.432,139.70768362396973
[앵커의 마침표]눈칫밥 없이 한 끼 먹도록 ｜ 뉴스A [FqdgBpVcBRM].wav,63.755,120.5613586887207
[앵커의 마침표]누구를 위한 개정인가？ ｜ 뉴스A [5jMhjmJPupM].wav,67.915,115.9042230145626
[앵커의 마침표]노조 ≠ 성역 ｜ 뉴스A [eA6yk_YRsIw].wav,73.616,115.6566991808179
[앵커의 마침표]내일이 기대되는 ‘월클’ 보유국 ｜ 뉴스A [p8hAo2TVCJI].wav,71.972,124.4309024090818
[앵커의 마침표]내부의 또 다른 어뢰 ｜ 뉴스A [yftb5IR-OGM].wav,63.055,142.2515044232221
"[앵커의 마침표]내년 경제, 꼭 반등하길 ｜ 뉴스A [b-lkVI5rR5E].wav",59.965,105.75054478366948
[앵커의 마침표]내 사전에 ‘내로남불’은 없다 ｜ 뉴스A [roSg37hv30g].wav,66.218,130.70915165350556
[앵커의 마침표]내 곁에 ‘설마’ ｜ 뉴스A [hA-cK_i72NU].wav,51.481,142.31102922644243
[앵커의 마침표]남의 나라 일인가 ⧸ 채널A ⧸ 뉴스A [QWs7JRNDtlE].wav,69.395,148.7677376652899
[앵커의 마침표]남은 건 요란한 싸움 뿐 ｜ 뉴스A [G_IkYotPe10].wav,68.765,135.92985325196108
"[앵커의 마침표]남은 3년, 시험대 올랐다 ｜ 뉴스A [1C0B2piFcWE].wav",63.202,133.67275970930973
"[앵커의 마침표]날카롭게, 그러나 품위 있게 ｜ 뉴스A [ff2-0OgOXuM].wav",60.737,105.16382879509943
[앵커의 마침표]단순한 색깔론이 아니다 ｜ 뉴스A [UtiboRf_zHw].wav,60.552,120.08676670355769
"[앵커의 마침표]다시, 희망 ｜ 뉴스A [3WIr7FqnEQI].wav",73.803,137.45371212611147
[앵커의 마침표]다시 떠오른 ‘동물국회’ 악몽 ｜ 뉴스A [_4BKPlCxyys].wav,60.314,106.86917535792747
[앵커의 마침표]늪에 빠진 초격차 ⧸ 채널A ⧸ 뉴스A [tH-PWy9pTxs].wav,59.266,119.04846198119644
[앵커의 마침표]느긋한 정치 절박한 민생 ｜ 뉴스A [9rA8EBESrVE].wav,58.566,154.6941169995228
[앵커의 마침표]대충 점검 ‘이상 있음’ ｜ 뉴스A [wICuCTMtXYg].wav,62.88,124.36616953040532
[앵커의 마침표]대수술 마지막 기회 ⧸ 채널A ⧸ 뉴스A [gB4Rl3KXP8A].wav,77.026,120.3804553028428
[앵커의 마침표]당명이 부끄럽다 ｜ 뉴스A [PL7ut47ERQo].wav,69.998,143.94884037690676
"[앵커의 마침표]당당하게, 원칙대로 ⧸ 채널A ⧸ 특집 뉴스A [X96UGuBRbu0].wav",58.822,106.47248700388369
[앵커의 마침표]답은 디테일에 있다 ⧸ 채널A ⧸ 뉴스A [tpL7ou81Qjs].wav,66.943,128.54093149507142
[앵커의 마침표]도 넘은 불법의 일상화 ｜ 뉴스A [lcx3i_NSYfc].wav,61.465,120.3693476413096
[앵커의 마침표]덕담 가득한 설 연휴 ｜ 뉴스A [tn4iFSoJArY].wav,58.493,121.86081468577432
[앵커의 마침표]더위는 평등하지 않다 ｜ 뉴스A [DwiXjgxtzhc].wav,54.361,105.74715319623162
[앵커의 마침표]더 이상 흔들릴 여유 없다 ⧸ 채널A ⧸ 뉴스A [KTZ2iBBKosM].wav,77.3,221.35654403192515
[앵커의 마침표]더 높은 도약을 위해 ｜ 뉴스A [adCalOnkj7w].wav,59.757,101.52273073077956
[앵커의 마침표]대혼란 부른 무원칙 ⧸ 채널A ⧸ 뉴스A [oXVH0v1GCZo].wav,76.024,131.3043417957377
[앵커의 마침표]대한민국 파이팅 ｜ 뉴스A [pZv06mmygi8].wav,75.209,127.82149768325596
[앵커의 마침표]두려워해야 할 것은 ｜ 뉴스A [OrknCsy_L38].wav,60.624,135.29274079678876
[앵커의 마침표]두 정상의 위험한 거래 ｜ 뉴스A [5z5SH6FGI3w].wav,62.773,153.7080080775027
[앵커의 마침표]두 번 다시 있어선 안 될 만행 ⧸ 채널A ⧸ 뉴스A [OxUiXXSA5zI].wav,59.482,121.89405178833788
[앵커의 마침표]동물 국회로 퇴행 ｜ 뉴스A [5V9FuvwqAPk].wav,58.477,156.51028744816
[앵커의 마침표]떳떳한 정치 ｜ 뉴스A [bYoaNcPPKmM].wav,54.596,132.57176719204227
[앵커의 마침표]마약과의 전면전 ｜ 뉴스A [BXuFV01L5Fg].wav,64.294,120.93543140445374
[앵커의 마침표]또 다른 붕괴를 막아라 ｜ 뉴스A [320ZfarXZNY].wav,62.27,116.63271097487174
[앵커의 마침표]무방비로 직면한 무역전쟁 ⧸ 채널A ⧸ 뉴스A [dT7qBDDTgfM].wav,69.446,120.30032780716768
[앵커의 마침표]모처럼 할 일한 국회 ｜ 뉴스A [JpPjwxJNMX8].wav,70.147,153.23435612374078
[앵커의 마침표]모두 함께 만든 반전 ｜ 뉴스A [rZnDR6roHG8].wav,52.324,121.71749275440968
[앵커의 마침표]모두가 단호하게 ‘No’라고 말할 때 ｜ 뉴스A [rMIyCabM5Ac].wav,57.953,119.02965482819822
[앵커의 마침표]면죄부로 끝난 5개월 고통 ｜ 뉴스A [wug31NDE2LM].wav,59.858,138.90316493582887
[앵커의 마침표]말로 안 되면 회초리 ｜ 뉴스A [u2XMIIwNTts].wav,71.335,138.3634585555279
[앵커의 마침표]몇 시간 일하십니까？ ｜ 뉴스A [cEUC1HFtyOQ].wav,68.044,137.51283643052204
[앵커의 마침표]무례한 친구 ｜ 뉴스A [Voce99UFIOc].wav,70.619,111.66577796805446
[앵커의 마침표]멈추면 사라진다 ⧸ 채널A ⧸ 뉴스A [WXN0pOW1Jls].wav,60.344,76.39801355721838
[앵커의 마침표]목표는 사고 제로 ⧸ 채널A ⧸ 뉴스A [PUbVUgboivs].wav,65.631,157.9047441543935
"[앵커의 마침표]목숨 걸린 기회, 잡아라 ｜ 뉴스A [enrq3Ks3oYQ].wav",63.541,114.91234813986514
[앵커의 마침표]마지막까지 철저히 ｜ 특집 뉴스A [Hi24SuBagEQ].wav,64.586,122.4774770723568
[앵커의 마침표]마침내 터진 관세 폭탄 ⧸ 채널A ⧸ 뉴스A [Sv3m-Ja_AGg].wav,57.685,111.0876341511005
[앵커의 마침표]만시지탄 안 된다 ⧸ 채널A ⧸ 뉴스A [djiQvL6OGHc].wav,69.015,125.72114698746356
[앵커의 마침표]마음은 코인 밭에 ｜ 뉴스A [El93TXCyhd8].wav,58.555,124.36883136216744
[앵커의 마침표]물리적 충돌 안 된다 ⧸ 채널A ⧸ 뉴스A [dqkXn0-IAec].wav,71.112,117.99644456273002
[앵커의 마침표]문화부터 바꿉시다 ｜ 뉴스A [y8rIp5bC0AY].wav,63.421,112.25043191012062
[앵커의 마침표]무한책임의 자세로 ｜ 뉴스A [InpMAxgFJUM].wav,69.585,162.99579655695683
[앵커의 마침표]무조건 싸우고 보는 ｜ 뉴스A [gDnlbAvbt-c].wav,61.11,129.29206115494756
[앵커의 마침표]무용지물 대응책 ｜ 뉴스A [IcOQHVu0ifY].wav,47.708,101.89334547469184
[앵커의 마침표]민심 되돌릴 시험대 ⧸ 채널A ⧸ 뉴스A [bHla4ck5fyM].wav,58.076,101.5454382974724
[앵커의 마침표]민생을 볼모 삼는 정치 ⧸ 채널A ⧸ 뉴스A [yDi87HXInSM].wav,63.574,106.29101503561776
[앵커의 마침표]민생 외면한 무자격 정치 ｜ 뉴스A [OcCkmqc_mZ0].wav,69.641,158.01674513954185
[앵커의 마침표]민생 없는 반쪽 정치 ｜ 뉴스A [7_6E7Ym0bC4].wav,60.202,132.38565993192742
[앵커의 마침표]민생 약속 ‘꼭’ ｜ 뉴스A [uT4v8DlE_wU].wav,62.787,140.91969915264377
[앵커의 마침표]미증유의 정치 ⧸ 채널A ⧸ 뉴스A [9WtUPnqDvYo].wav,73.345,111.03143789877235
"[앵커의 마침표]미우나 고우나, 국정파트너 ｜ 뉴스A [R8X7T-xOYNM].wav",62.601,144.46213136588983
[앵커의 마침표]미안하다면 하지 말아야 ｜ 뉴스A [eYc4zdDaXfw].wav,69.125,144.63637974369314
[앵커의 마침표]미래를 위한 도전 ｜ 뉴스A [oWxMj3PaJkw].wav,60.738,108.97401486228532
[앵커의 마침표]미래를 보여준 MZ의 힘 ｜ 뉴스A [K1Ec3jXUNRU].wav,57.482,117.859391924596
[앵커의 마침표]부끄러운 기록 ｜ 뉴스A [OQ24bawhRfg].wav,63.491,139.00816826051238
[앵커의 마침표]본 게임은 이제 시작 ｜ 뉴스A [kGNbjEw3tWQ].wav,57.104,134.32931495928028
"[앵커의 마침표]보호주의 풍랑, 전략이 시급하다 ｜ 뉴스A [-NFPCtYHHrw].wav",60.762,113.20038770676084
[앵커의 마침표]법치주의 뒤흔드는 범죄행위 ｜ 뉴스A [jTE4sHshhXQ].wav,54.253,117.02590613560362
[앵커의 마침표]법대로 사법부 ｜ 뉴스A [WXZJ5aFrQXo].wav,61.922,142.82127687800283
[앵커의 마침표]번복과 불신 ⧸ 채널A ⧸ 뉴스A [OO_H_DeTKHQ].wav,65.911,118.4249183872436
[앵커의 마침표]방심은 금물 ｜ 뉴스A [bIbgjiuYkQM].wav,66.112,98.34019818802427
"[앵커의 마침표]반도체, 총력을 기울일 때 ｜ 뉴스A [z-1ySUM9aZc].wav",60.727,139.0352370983345
[앵커의 마침표]믿음 줄 때까지 ｜ 뉴스A [vmeviIar6hc].wav,62.582,127.79297186195464
[앵커의 마침표]민주주의마저 죽이는 살생부 ｜ 뉴스A [YwIqV_KSPxE].wav,57.894,93.8366698751512
[앵커의 마침표]민주주의 망치는 달콤한 유혹 ｜ 뉴스A [zqsIrs0_ZcU].wav,61.607,138.46710022309878
[앵커의 마침표]민심을 귀담다 ⧸ 채널A ⧸ 뉴스A [4bXt4hxBNdo].wav,56.422,106.3842673334112
"[앵커의 마침표]불통 정부, 민심은 매서웠다 ｜ 특집 뉴스A [a32wRNkhXbA].wav",55.142,107.24784001157836
[앵커의 마침표]불안한 둔감 외교 ⧸ 채널A ⧸ 뉴스A [PMcMppSu1HQ].wav,55.522,127.40245933387524
[앵커의 마침표]불신지옥이 된 학교 ｜ 뉴스A [AaI_rCwau-c].wav,63.423,121.11988406243272
[앵커의 마침표]불신 자초하는 땜질 처방 ⧸ 채널A ⧸ 뉴스A [asKrWKrpvfY].wav,66.618,122.60889214287228
[앵커의 마침표]분열 멈추고 통일로 ｜ 뉴스A [aKOIWo7P0q0].wav,49.815,92.42779207444298
"[앵커의 마침표]북, 오판하면 자멸이다 ｜ 뉴스A [7VK8UZvrd7o].wav",55.872,99.99598747024962
[앵커의 마침표]부질없는 힘자랑 ｜ 뉴스A [0-oia6B-9fY].wav,63.286,140.47761575542563
[앵커의 마침표]부업 교사 OUT ⧸ 채널A ⧸ 뉴스A [PkUMgO55li8].wav,64.567,109.35621944664646
[앵커의 마침표]부끄러움을 모른다 ｜ 뉴스A [kPP79yWxytg].wav,70.67,111.5940568984171
[앵커의 마침표]부끄러운 사람이 되지 말라 ⧸ 채널A ⧸ 뉴스A [W3cToDyLthA].wav,64.46,114.7049335214477
[앵커의 마침표]부끄러운 분열의 시대 ⧸ 채널A ⧸ 뉴스A [Fy9p01rrfUs].wav,56.637,168.10652934803807
[앵커의 마침표]빈틈없이 ⧸ 채널A ⧸ 특집 뉴스A [9QiXVOkbfNU].wav,57.985,158.03120626499836
[앵커의 마침표]비핵화 타협 없다 ⧸ 채널A ⧸ 뉴스A [k4HUZ3-I3jU].wav,72.072,118.8861078378535
[앵커의 마침표]비정상 자인한 폭파쇼 ⧸ 채널A ⧸ 뉴스A [O_H5XE8KZmM].wav,70.912,127.58790895040008
[앵커의 마침표]비어가는 나라곳간 ⧸ 채널A ⧸ 뉴스A [wtKgP220u6w].wav,70.484,160.78258292187897
[앵커의 마침표]비상하는 푸른 용처럼 ｜ 뉴스A [HQyqgu0T2_8].wav,63.765,124.64039456421004
"[앵커의 마침표]블랙홀 없는 정치, 증명하길 ⧸ 채널A ⧸ 뉴스A [XZtvaJIYTNg].wav",64.573,118.67160330655987
[앵커의 마침표]사회 첫발부터 좌절 ｜ 뉴스A [3reb8HM-Uvc].wav,62.611,131.4115145487656
[앵커의 마침표]사사로움 없이 공명정대하게 ｜ 뉴스A [rcNPKWD2Zms].wav,57.967,115.58780903258976
[앵커의 마침표]사법 혼란 해소해야 ⧸ 채널A ⧸ 뉴스A [fMJgGCc6TTo].wav,69.844,118.66068005518504
[앵커의 마침표]사과는 있어도 반성은 없다 ｜ 뉴스A [nUf8HuLNQqc].wav,66.676,125.32574787253316
[앵커의 마침표]삐딱한 것도 정도껏 ｜ 뉴스A [tA06xG8Yn0s].wav,66.457,142.78992842453343
[앵커의 마침표]선수단 여러분 고맙습니다 ｜ 뉴스A [n-Gfp4NfcW0].wav,60.262,107.92775826920004
[앵커의 마침표]선관위의 굴욕 ｜ 뉴스A [dR_lAeWOC3Y].wav,65.403,111.44357763013592
[앵커의 마침표]선관위가 망친 민주주의 축제 ｜ 뉴스A [6-D-tyRVEZI].wav,58.921,103.29034142546678
[앵커의 마침표]선거용 이중잣대 ｜ 뉴스A [-b9c7FsHJX0].wav,64.693,95.54219532148672
[앵커의 마침표]색출은 반민주 ｜ 뉴스A [s4Ho4bESIfM].wav,63.981,117.32312218470712
[앵커의 마침표]산 넘어 산 ⧸ 채널A ⧸ 뉴스A [Tn286wBnUMc].wav,63.446,139.28846035041624
[앵커의 마침표]설날은 Seollal ｜ 뉴스A [ltFn2CkN25I].wav,71.037,111.69355714916964
[앵커의 마침표]선을 넘은 자유 ⧸ 채널A ⧸ 뉴스A [5rtPrNQCvj0].wav,58.257,106.2020560442049
[프라임TV] 아하! 브리핑 1회- 김아영 아나운서 진행 [TUSbyJ6dWNI].wav,62.775,107.16047643936577
[프라임TV] 아하! 브리핑 - 김민정 아나운서 [dmHXi2X64V4].wav,65.799,112.06559033874684
[프라임 TV] 아하! 브리핑 - 조중민 아나운서 [8yvV0yRLyks].wav,80.386,113.38860189383928
[프라임 TV] 박보미 아나운서 -아하 브리핑 [aHR2Vf0tHWE].wav,56.828,118.09497099062216
[프라임TV] 아하! 브리핑-박민선 아나운서 [JvfnwNX8RGU].wav,65.936,123.85156314559924
[프라임TV] 아하! 브리핑- 전보연 아나운서 [3icWiASW5zI].wav,71.52,101.58545572449606
[프라임TV] 아하! 브리핑 최은나 아나운서 [w-ffuQGqtN0].wav,70.078,107.14036018388428
[프라임TV] 아하! 브리핑 5회 - 이유진 아나운서 [I5iC8ng1k6I].wav,68.091,103.04127293037324
[프라임TV] 아하! 브리핑 4회 - 이미화 아나운서 [ywCA_MWBIeM].wav,63.208,104.24119629788784
[프라임TV] 아하! 브리핑 3회 - 정슬기 아나운서 [fKPDfDqZU4I].wav,66.383,112.98042407011349
[프라임TV] 아하! 브리핑 2회 - 박동규 아나운서 진행 [xeLLMdZghVI].wav,55.222,108.22899925248882
[프라임TV]아하! 브리핑-유수연 아나운서 [vDpTGv6vOjE].wav,76.935,116.3051300747261
[프라임TV]아하! 브리핑-김수정 아나운서 [ZewpMll16oI].wav,74.674,123.48707988687786
[프라임TV]아하! 브리핑-강명희 아나운서 [x41G7Zd4HKA].wav,68.237,119.56769555284102
[프라임TV] 아하!브리핑-김민진 아나운서 [CVC8jCFe4U0].wav,67.696,111.28508527909004
[프라임TV] 아하!~브리핑-박하윤 아나운서 [cUpUuEabhFA].wav,69.446,114.37528802640075
[프라임TV]아하! 브리핑-전혜림 아나운서 [AzhUM-i4gao].wav,75.149,117.25765049115752
[프라임TV]아하! 브리핑-전지후 아나운서 [tNVcnaZFfHQ].wav,67.253,100.43826834241536
[프라임TV]아하! 브리핑-임소미 아나운서 [Dshi-pU32E8].wav,80.484,108.8984012828047
[프라임TV]아하! 브리핑-이한민 아나운서 [vAC4O-6Lxkc].wav,80.478,117.70493715152142
[프라임TV]아하! 브리핑-이송현 아나운서 [aUX5MLPKw-E].wav,81.011,140.32226381059183
[프라임TV]아하! 브리핑-이다혜 아나운서 [BnFm7Qhr358].wav,64.836,97.10122194121206
[프라임TV]아하!브리핑-김다영 아나운서 [Yp0cnYKjZ4k].wav,55.326,117.376551539909
[프라임TV]아하!브리핑-김다영 아나운서 [3y96qAzkxAQ].wav,64.265,123.47227556376568
[프라임TV]아하!브리핑-기하안 아나운서 [ohSMHeHLWlM].wav,64.177,112.54289705411206
[프라임TV]아하! 브리핑-정지연 아나운서 [5z3LAKlHes4].wav,72.434,96.18349528149308
[프라임TV]아하! 브리핑-정영희 아나운서 [YtLz-Gm3xJE].wav,73.535,114.98726559388426
[프라임TV]아하! 브리핑-전혜림 아나운서 [qvpD_hWBRuY].wav,71.392,120.99201463494632
[프라임TV]아하!브리핑-성하민 아나운서 [9gqrEu87_NU].wav,68.05,119.91441320289128
[프라임TV]아하!브리핑-박정윤 아나운서 [dy8drwJEoA4].wav,61.857,112.77950218638898
[프라임TV]아하!브리핑-서지율 아나운서 [AlZgd3CYCko].wav,61.851,111.41103454805447
[프라임TV]아하!브리핑-박지영 아나운서 [2eQnw_TL1ec].wav,70.98,117.12596741277602
[프라임TV]아하!브리핑-박유라 아나운서 [0vgY1c2P3PE].wav,70.949,108.71275303493934
[프라임TV]아하!브리핑-김은민 아나운서 [rphHWbrIc1Q].wav,61.625,113.3197182607641
[프라임TV]아하!브리핑-박현지 아나운서 [tvNTl_PlObc].wav,68.702,114.60123313375634
[프라임TV]아하!브리핑-손지영 아나운서 [E4bh-tft6Cs].wav,67.438,111.34231205264068
[프라임TV]아하!브리핑-오해주 아나운서 [_HlTihaTD3I].wav,77.643,112.54480317072846
[프라임TV]아하!브리핑-엄문주 아나운서 [Xa00fpqpfqo].wav,68.332,106.95624238826244
[프라임TV]아하!브리핑-송현희 아나운서 [eQsA_TJ8Kos].wav,83.103,103.26600190069396
[프라임TV]아하!브리핑-유수연 아나운서 [hUKSOi5hxBI].wav,70.833,119.5586024942538
프라임TV아하!브리핑 최혜정 아나운서 [ZsVRWhQKq2w].wav,71.279,104.670959453638
[프라임TV]아하!브리핑-하주원 아나운서 [JBUKsyoakQg].wav,65.867,118.64744415697616
[프라임TV]아하!브리핑-이유진 아나운서 [KMzKAiqKqFE].wav,81.127,114.72836065256548
